{
  "project_info": {
    "project_number": "715452034639",
    "project_id": "we-care-66ef0",
    "storage_bucket": "we-care-66ef0.appspot.com"
  },
  "client": [
    {
      "client_info": {
        "mobilesdk_app_id": "1:715452034639:android:2b42247cb862353ae0443a",
        "android_client_info": {
          "package_name": "com.blackbrick.wecare"
        }
      },
      "oauth_client": [
        {
          "client_id": "715452034639-8qiv2a4pdgv46bqlucf6lvv8n3fncj64.apps.googleusercontent.com",
          "client_type": 3
        }
      ],
      "api_key": [
        {
          "current_key": "AIzaSyDcO1HBwOtrbUie100QSDG85kR3HY7RFck"
        }
      ],
      "services": {
        "appinvite_service": {
          "other_platform_oauth_client": [
            {
              "client_id": "715452034639-8qiv2a4pdgv46bqlucf6lvv8n3fncj64.apps.googleusercontent.com",
              "client_type": 3
            }
          ]
        }
      }
    }
  ],
  "configuration_version": "1"
}